{
  "intercept": -0.054561022246431494,
  "temp_coef": 0.0022953846948870677,
  "wind_out_coef": 0.048387462108870724,
  "humidity_coef": -0.02223793571196106,
  "dome_coef": -1.389716432256916,
  "temp_mean": 67.31459402087387,
  "humidity_mean": 49.16716787546436,
  "trained_on": "2026-02-17T21:18:45.130260",
  "n_games": 5653,
  "r_squared": 0.008455350419277474,
  "seasons": [
    2024,
    2025
  ],
  "t_statistics": {
    "intercept": -0.6445345889708127,
    "temp": 0.3560660067262399,
    "wind_out": 3.97725594999238,
    "humidity": -4.747402975310006,
    "dome": -2.820029991655947
  },
  "standard_errors": {
    "intercept": 0.0846518141618343,
    "temp": 0.006446514554959654,
    "wind_out": 0.0121660417929511,
    "humidity": 0.004684231742621115,
    "dome": 0.49280200436480537
  }
}